{
  "0": {
    "precision": 0.9758620689655172,
    "recall": 0.9964788732394366,
    "f1-score": 0.9860627177700348,
    "support": 284.0
  },
  "1": {
    "precision": 0.9887640449438202,
    "recall": 0.9263157894736842,
    "f1-score": 0.9565217391304348,
    "support": 95.0
  },
  "accuracy": 0.978891820580475,
  "macro avg": {
    "precision": 0.9823130569546688,
    "recall": 0.9613973313565605,
    "f1-score": 0.9712922284502348,
    "support": 379.0
  },
  "weighted avg": {
    "precision": 0.9790960734983372,
    "recall": 0.978891820580475,
    "f1-score": 0.9786579869764676,
    "support": 379.0
  }
}